INSERT INTO Clientes (nombre_cliente, contacto, direccion, historial_compras) VALUES 
('Juan Pérez', '88881111', 'San José', 'Compra de arroz y frijoles en enero 2024'),
('María López', '88882222', 'Alajuela', 'Compra de aceite y azúcar en febrero 2024'),
('Carlos Rodríguez', '88883333', 'Heredia', 'Compra de pasta y salsa en marzo 2024'),
('Ana Mora', '88884444', 'Cartago', 'Compra de leche y galletas en abril 2024'),
('José Quesada', '88885555', 'Puntarenas', 'Compra de café y arroz en mayo 2024'),
('Luis Castro', '88886666', 'Limón', 'Compra de atún y aceite en junio 2024'),
('Claudia Jiménez', '88887777', 'San Carlos', 'Compra de azúcar y leche en julio 2024'),
('Ricardo Montero', '88888888', 'Guanacaste', 'Compra de pasta y salsa en agosto 2024'),
('Patricia Alvarado', '88889999', 'Puntarenas', 'Compra de galletas y café en septiembre 2024'),
('Fernando Vargas', '88881122', 'Alajuela', 'Compra de arroz y frijoles en octubre 2024'),
('Gabriela Mora', '88882233', 'Guanacaste', 'Compra de aceite y leche en noviembre 2024'),
('Esteban Solano', '88883344', 'San José', 'Compra de pasta y atún en diciembre 2024'),
('Daniela Rojas', '88884455', 'Cartago', 'Compra de azúcar y café en enero 2025'),
('Rodrigo Díaz', '88885566', 'Guanacaste', 'Compra de arroz y aceite en febrero 2025'),
('Andrea Castro', '88886677', 'Cartago', 'Compra de frijoles y galletas en marzo 2025');

INSERT INTO Proveedores (nombre_proveedor, contacto, direccion, historial_pedidos) VALUES 
('Distribuidora La Central', '22221111', 'San José', 'Provisión de café y arroz en enero 2024'),
('Importadora Del Norte', '22222222', 'Alajuela', 'Provisión de frijoles y azúcar en febrero 2024'),
('Grupo Alimenticio CR', '22223333', 'Heredia', 'Provisión de aceite y leche en marzo 2024'),
('Suministros Tico', '22224444', 'Cartago', 'Provisión de pasta y salsa en abril 2024'),
('Distribuidora Guanacasteca', '22225555', 'Guanacaste', 'Provisión de atún y galletas en mayo 2024'),
('Productos del Pacífico', '22226666', 'Puntarenas', 'Provisión de arroz y frijoles en junio 2024'),
('Comercializadora Central', '22227777', 'Limón', 'Provisión de café y leche en julio 2024'),
('Abastecedora Nacional', '22228888', 'San Carlos', 'Provisión de azúcar y aceite en agosto 2024'),
('Distribuidora Caribeña', '22229999', 'Limón', 'Provisión de pasta y atún en septiembre 2024'),
('Distribuidora del Valle', '22221122', 'Alajuela', 'Provisión de salsa y galletas en octubre 2024'),
('Central de Provisiones', '22222233', 'Guanacaste', 'Provisión de frijoles y arroz en noviembre 2024'),
('Mercado Mayorista CR', '22223344', 'San José', 'Provisión de aceite y café en diciembre 2024'),
('Proveedor del Sur', '22224455', 'San José', 'Provisión de azúcar y atún en enero 2025'),
('Productos La Sabana', '22225566', 'San José', 'Provisión de pasta y frijoles en febrero 2025'),
('Alimentos de Costa Rica', '22226677', 'Alajuela', 'Provisión de leche y galletas en marzo 2025');

INSERT INTO Productos (nombre_producto, descripcion, categoria, precio, costo, cantidad_stock, ubicacion_almacen, sku, codigo_barras_qr, imagen_url) VALUES 
('Café Tarrazú', 'Café de alta calidad de Tarrazú', 'Bebida', 5000.00, 3000.00, 100, 'Almacén A1', 'SKU001', 'CB001', 'https://example.com/cafe.jpg'),
('Arroz Tico', 'Arroz blanco de alta calidad', 'Granos', 1200.00, 800.00, 200, 'Almacén B2', 'SKU002', 'CB002', 'https://example.com/arroz.jpg'),
('Frijoles Negros', 'Frijoles negros empaquetados', 'Legumbres', 1500.00, 1000.00, 150, 'Almacén C3', 'SKU003', 'CB003', 'https://example.com/frijoles.jpg'),
('Azúcar Morena', 'Azúcar morena costarricense', 'Dulces', 900.00, 600.00, 50, 'Almacén D4', 'SKU004', 'CB004', 'https://example.com/azucar.jpg'),
('Aceite Vegetal', 'Aceite vegetal de alta calidad', 'Aceites', 2200.00, 1500.00, 80, 'Almacén E5', 'SKU005', 'CB005', 'https://example.com/aceite.jpg'),
('Leche Descremada', 'Leche descremada en polvo', 'Lácteos', 3000.00, 2000.00, 90, 'Almacén F6', 'SKU006', 'CB006', 'https://example.com/leche.jpg'),
('Pasta Italiana', 'Pasta importada de Italia', 'Pasta', 1800.00, 1200.00, 70, 'Almacén G7', 'SKU007', 'CB007', 'https://example.com/pasta.jpg'),
('Salsa de Tomate', 'Salsa de tomate natural', 'Salsas', 1200.00, 800.00, 60, 'Almacén H8', 'SKU008', 'CB008', 'https://example.com/salsa.jpg'),
('Atún en Agua', 'Atún en agua de alta calidad', 'Conservas', 2500.00, 1500.00, 40, 'Almacén I9', 'SKU009', 'CB009', 'https://example.com/atun.jpg'),
('Galletas Integrales', 'Galletas integrales saludables', 'Snacks', 1300.00, 800.00, 30, 'Almacén J1', 'SKU010', 'CB010', 'https://example.com/galletas.jpg'),
('Cereal Integral', 'Cereal integral sin azúcar añadida', 'Cereales', 3500.00, 2500.00, 60, 'Almacén K2', 'SKU011', 'CB011', 'https://example.com/cereal.jpg'),
('Chocolate en Barra', 'Chocolate oscuro al 70%', 'Dulces', 1800.00, 1200.00, 40, 'Almacén L3', 'SKU012', 'CB012', 'https://example.com/chocolate.jpg'),
('Miel de Abeja', 'Miel de abeja natural', 'Endulzantes', 4500.00, 3000.00, 25, 'Almacén M4', 'SKU013', 'CB013', 'https://example.com/miel.jpg'),
('Té Verde', 'Té verde orgánico en sobres', 'Bebida', 2000.00, 1200.00, 80, 'Almacén N5', 'SKU014', 'CB014', 'https://example.com/te.jpg'),
('Mantequilla', 'Mantequilla sin sal de alta calidad', 'Lácteos', 3200.00, 2200.00, 50, 'Almacén O6', 'SKU015', 'CB015', 'https://example.com/mantequilla.jpg');

INSERT INTO Pedidos (id_cliente, fecha_pedido, estado_pedido, fecha_entrega_estimada) VALUES 
(1, '2024-01-05', 'pendiente', '2024-01-10'),
(2, '2024-01-15', 'pendiente', '2024-01-20'),
(3, '2024-02-10', 'pendiente', '2024-02-15'),
(4, '2024-02-20', 'pendiente', '2024-02-25'),
(5, '2024-03-05', 'pendiente', '2024-03-10'),
(6, '2024-03-15', 'pendiente', '2024-03-20'),
(7, '2024-04-10', 'pendiente', '2024-04-15'),
(8, '2024-04-20', 'pendiente', '2024-04-25'),
(9, '2024-05-05', 'pendiente', '2024-05-10'),
(10, '2024-05-15', 'pendiente', '2024-05-20'),
(11, '2024-06-10', 'pendiente', '2024-06-15'),
(12, '2024-06-20', 'pendiente', '2024-06-25'),
(13, '2024-07-05', 'pendiente', '2024-07-10'),
(14, '2024-07-15', 'pendiente', '2024-07-20'),
(15, '2024-08-10', 'pendiente', '2024-08-15');

INSERT INTO InventarioMovimientos (id_producto, fecha_movimiento, tipo_movimiento, cantidad, descripcion) VALUES 
(1, '2024-01-05', 'entrada', 50, 'Reabastecimiento de café'),
(2, '2024-01-10', 'entrada', 100, 'Reabastecimiento de arroz'),
(3, '2024-01-15', 'salida', 30, 'Venta de frijoles'),
(4, '2024-02-05', 'entrada', 60, 'Reabastecimiento de azúcar'),
(5, '2024-02-10', 'salida', 20, 'Venta de aceite'),
(6, '2024-02-15', 'entrada', 90, 'Reabastecimiento de leche'),
(7, '2024-03-05', 'salida', 50, 'Venta de pasta'),
(8, '2024-03-10', 'entrada', 70, 'Reabastecimiento de salsa'),
(9, '2024-03-15', 'salida', 20, 'Venta de atún'),
(10, '2024-04-05', 'entrada', 50, 'Reabastecimiento de galletas'),
(11, '2024-04-10', 'salida', 10, 'Venta de cereal'),
(12, '2024-04-15', 'entrada', 30, 'Reabastecimiento de chocolate'),
(13, '2024-05-05', 'salida', 20, 'Venta de miel de abeja'),
(14, '2024-05-10', 'entrada', 40, 'Reabastecimiento de té verde'),
(15, '2024-05-15', 'salida', 15, 'Venta de mantequilla');

INSERT INTO DetallePedidos (id_pedido, id_producto, cantidad, precio_unitario) VALUES 
(1, 1, 5, 5000.00),
(2, 2, 10, 1200.00),
(3, 3, 8, 1500.00),
(4, 4, 4, 900.00),
(5, 5, 6, 2200.00),
(6, 6, 5, 3000.00),
(7, 7, 3, 1800.00),
(8, 8, 8, 1200.00),
(9, 9, 2, 2500.00),
(10, 10, 7, 1300.00),
(11, 11, 10, 3500.00),
(12, 12, 11, 1800.00),
(13, 13, 12, 4500.00),
(14, 14, 13, 2000.00),
(15, 15, 14, 3200.00);